"0","delta<-c(rep(0,times=10))"
"0","delta[1]<-1"
"0","delta[2]<--0.2257209"
"0",""
"0","for(j in 3:10){"
"0","j1<-j-1"
"0","j2<-j-2"
"0","delta[j]<-- 0.2257209*delta[j1]-0.3850609*delta[j2]"
"0","}"
"0",""
"0","delta"
"1"," [1]"
"1","  1.000000000"
"1"," -0.225720900"
"1"," -0.334110975"
"1","  0.162332123"
"1","  0.092011320"
"1"," -0.083276631"
"1","
"
"1"," [7]"
"1"," -0.016632686"
"1","  0.035820919"
"1"," -0.001680933"
"1"," -0.013413814"
"1","
"
