"0","delta<-c(rep(0,times=10))"
"0","delta[1]<-1"
"0","delta[2]<--0.1875751"
"0",""
"0","for(j in 3:10){"
"0","j1<-j-1"
"0","j2<-j-2"
"0","delta[j]<-- 0.1875751*delta[j1]-0.3568942*delta[j2]"
"0","}"
"0",""
"0","delta"
"1"," [1]"
"1","  1.000000000"
"1"," -0.187575100"
"1"," -0.321709782"
"1","  0.127289210"
"1","  0.090940069"
"1"," -0.062486873"
"1","
"
"1"," [7]"
"1"," -0.020735002"
"1","  0.026190573"
"1","  0.002487503"
"1"," -0.009813857"
"1","
"
